Muestra,Tiempo_s,Temperatura_C
1,1.0,20.3
2,2.0,20.26
3,3.0,20.64
4,4.0,21.06
5,5.0,20.68
6,6.0,20.83
7,7.0,21.52
9,9.0,21.21
10,10.0,21.66
11,11.0,21.51
12,12.0,21.66
13,13.0,22.02
14,14.0,21.53
15,15.0,21.73
16,16.0,22.23
17,17.0,22.25
18,18.0,22.79
20,20.0,22.58
21,21.0,23.59
22,22.0,23.23
23,23.0,23.47
24,24.0,23.17
25,25.0,23.59
26,26.0,23.93
27,27.0,23.7
28,28.0,24.31
29,29.0,24.17
31,31.0,24.47
32,32.0,25.36
33,33.0,24.95
34,34.0,24.78
35,35.0,25.5
36,36.0,25.03
37,37.0,25.61
38,38.0,25.11
39,39.0,25.45
41,41.0,26.37
42,42.0,26.35
43,43.0,26.42
44,44.0,26.51
45,45.0,26.31
46,46.0,26.68
47,47.0,26.91
48,48.0,27.52
50,50.0,26.97
51,51.0,27.75
52,52.0,27.68
53,53.0,27.75
54,54.0,28.28
55,55.0,28.56
