Temperatura_C,Luz_lux
23.6,536
22.8,556
23.8,608
24.8,605
22.7,362
22.7,406
24.9,552
23.9,551
22.4,552
23.7,885
22.4,557
22.4,614
23.3,595
20.7,565
20.9,468
22.3,576
21.8,423
23.4,476
21.9,451
21.3,508
24.8,731
22.7,313
23.1,569
21.3,339
22.3,453
23.1,609
21.6,506
23.5,392
22.3,428
22.6,568
22.3,427
25.2,522
23.0,505
21.7,435
24.0,714
21.5,563
23.3,297
20.6,519
21.4,434
23.2,585
23.9,421
23.2,489
22.9,550
22.6,587
21.2,380
22.1,467
22.4,453
24.3,435
23.4,677
20.9,540
30.5,99
29.4,360
29.0,505
30.9,374
31.5,68
31.4,192
28.7,402
29.5,165
30.5,303
31.5,343
29.3,139
29.7,243
28.3,5
28.2,127
31.2,220
32.0,100
29.9,446
31.5,78
30.5,197
29.0,266
30.5,423
32.3,78
29.9,390
32.3,251
26.1,132
31.2,305
30.1,274
29.6,178
30.1,258
27.0,204
29.7,264
30.5,329
32.2,440
29.2,101
28.8,506
29.2,16
31.4,232
30.5,321
29.2,284
30.8,175
30.1,225
31.5,191
28.9,179
29.5,352
29.4,293
27.8,167
30.4,358
30.4,287
30.0,348
29.6,326
39.2,751
41.2,783
41.3,940
40.4,923
41.7,847
42.8,864
45.8,1000
42.3,779
42.5,916
41.9,826
38.2,824
41.9,982
42.1,949
46.9,948
41.6,1000
42.6,853
41.9,932
39.7,813
44.3,889
43.5,834
43.6,862
40.2,921
44.8,752
39.2,1000
43.2,729
46.4,704
40.0,989
40.9,945
42.2,925
41.0,925
38.9,849
42.1,742
39.9,859
42.9,769
40.2,967
45.1,832
40.4,751
41.4,811
43.6,900
39.5,782
42.5,751
44.6,879
38.8,879
42.4,789
42.5,793
43.6,878
39.5,676
39.4,681
43.0,764
42.6,824
20.3,56
20.5,80
19.1,67
20.3,47
20.4,50
19.1,30
22.4,50
20.6,44
18.5,56
20.9,33
18.7,60
21.0,81
21.5,48
18.9,58
21.3,64
20.5,42
21.1,54
22.5,50
19.7,52
19.0,35
18.8,50
18.9,60
19.9,79
20.4,69
20.4,93
21.1,35
20.0,67
21.9,54
19.7,94
23.5,34
20.8,33
18.9,38
18.6,8
20.6,39
19.7,35
20.9,53
20.6,57
19.9,88
18.9,69
18.0,38
19.4,32
21.1,60
20.3,24
18.4,87
20.2,74
20.5,41
18.9,16
20.2,77
20.1,48
18.5,75
